game_id,Season,StadiumName,TimeStartGame,TimeEndGame,TZOffset
2018090600,2018,Lincoln Financial Field,9/6/2018 20:20,9/6/2018 23:39,-4
2018090900,2018,M&T Bank Stadium,9/9/2018 13:00,9/9/2018 16:21,-4
2018090901,2018,FirstEnergy Stadium,9/9/2018 13:00,9/9/2018 16:54,-4
2018090902,2018,Lucas Oil Stadium,9/9/2018 13:00,9/9/2018 16:04,-4
2018090903,2018,Hard Rock Stadium,9/9/2018 13:00,9/9/2018 20:08,-4
2018090904,2018,U.S. Bank Stadium,9/9/2018 12:00,9/9/2018 15:12,-5
2018090905,2018,Gillette Stadium,9/9/2018 13:00,9/9/2018 16:12,-4
2018090906,2018,Mercedes-Benz Superdome,9/9/2018 12:00,9/9/2018 15:13,-5
2018090907,2018,MetLife Stadium,9/9/2018 13:00,9/9/2018 16:04,-4
2018090908,2018,Dignity Health Sports Park,9/9/2018 13:05,9/9/2018 16:13,-7
2018090909,2018,State Farm Stadium,9/9/2018 13:25,9/9/2018 16:22,-7
2018090910,2018,Bank of America Stadium,9/9/2018 16:25,9/9/2018 19:27,-4
2018090911,2018,Empower Field at Mile High,9/9/2018 14:25,9/9/2018 17:31,-6
2018090912,2018,Lambeau Field,9/9/2018 19:20,9/9/2018 22:27,-5
2018091000,2018,Ford Field,9/10/2018 19:10,9/10/2018 22:28,-4
2018091001,2018,Oakland Coliseum,9/10/2018 19:20,9/10/2018 22:30,-7
2018091300,2018,Paul Brown Stadium,9/13/2018 20:20,9/13/2018 23:46,-4
2018091600,2018,Mercedes-Benz Stadium,9/16/2018 13:00,9/16/2018 16:08,-4
2018091601,2018,New Era Field,9/16/2018 13:00,9/16/2018 16:07,-4
2018091602,2018,Lambeau Field,9/16/2018 12:00,9/16/2018 15:37,-5
2018091603,2018,Mercedes-Benz Superdome,9/16/2018 12:00,9/16/2018 14:55,-5
2018091604,2018,MetLife Stadium,9/16/2018 13:00,9/16/2018 16:04,-4
2018091605,2018,Heinz Field,9/16/2018 13:00,9/16/2018 16:23,-4
2018091606,2018,Raymond James Stadium,9/16/2018 13:00,9/16/2018 16:13,-4
2018091607,2018,Nissan Stadium,9/16/2018 12:00,9/16/2018 14:57,-5
2018091608,2018,FedExField,9/16/2018 13:00,9/16/2018 15:53,-4
2018091609,2018,Los Angeles Memorial Coliseum,9/16/2018 13:05,9/16/2018 15:50,-7
2018091610,2018,Levi's Stadium,9/16/2018 13:05,9/16/2018 16:25,-7
2018091611,2018,Empower Field at Mile High,9/16/2018 14:25,9/16/2018 17:32,-6
2018091612,2018,TIAA Bank Field,9/16/2018 16:25,9/16/2018 19:27,-4
2018091613,2018,AT&T Stadium,9/16/2018 19:20,9/16/2018 22:10,-5
2018091700,2018,Soldier Field,9/17/2018 19:15,9/17/2018 22:14,-5
2018092000,2018,FirstEnergy Stadium,9/20/2018 20:20,9/20/2018 23:33,-4
2018092300,2018,Mercedes-Benz Stadium,9/23/2018 13:00,9/23/2018 16:38,-4
2018092301,2018,M&T Bank Stadium,9/23/2018 13:00,9/23/2018 16:10,-4
2018092302,2018,Bank of America Stadium,9/23/2018 13:00,9/23/2018 16:07,-4
2018092303,2018,NRG Stadium,9/23/2018 12:00,9/23/2018 14:58,-5
2018092304,2018,TIAA Bank Field,9/23/2018 13:00,9/23/2018 15:56,-4
2018092305,2018,Arrowhead Stadium,9/23/2018 12:00,9/23/2018 15:16,-5
2018092306,2018,Hard Rock Stadium,9/23/2018 13:00,9/23/2018 16:04,-4
2018092307,2018,U.S. Bank Stadium,9/23/2018 12:00,9/23/2018 15:06,-5
2018092308,2018,Lincoln Financial Field,9/23/2018 13:00,9/23/2018 16:10,-4
2018092309,2018,FedExField,9/23/2018 13:00,9/23/2018 16:16,-4
2018092310,2018,Los Angeles Memorial Coliseum,9/23/2018 13:05,9/23/2018 16:02,-7
2018092311,2018,State Farm Stadium,9/23/2018 13:25,9/23/2018 16:32,-7
2018092312,2018,CenturyLink Field,9/23/2018 13:25,9/23/2018 16:28,-7
2018092313,2018,Ford Field,9/23/2018 20:20,9/23/2018 23:07,-4
2018092400,2018,Raymond James Stadium,9/24/2018 20:15,9/24/2018 23:34,-4
2018092700,2018,Los Angeles Memorial Coliseum,9/27/2018 17:20,9/27/2018 20:27,-7
2018093000,2018,Mercedes-Benz Stadium,9/30/2018 13:00,9/30/2018 16:25,-4
2018093001,2018,Soldier Field,9/30/2018 12:00,9/30/2018 14:57,-5
2018093002,2018,AT&T Stadium,9/30/2018 12:00,9/30/2018 14:58,-5
2018093003,2018,Lambeau Field,9/30/2018 12:00,9/30/2018 15:11,-5
2018093004,2018,Lucas Oil Stadium,9/30/2018 13:00,9/30/2018 16:57,-4
2018093005,2018,TIAA Bank Field,9/30/2018 13:00,9/30/2018 16:12,-4
2018093006,2018,Gillette Stadium,9/30/2018 13:00,9/30/2018 15:56,-4
2018093007,2018,Nissan Stadium,9/30/2018 12:00,9/30/2018 15:36,-5
2018093008,2018,State Farm Stadium,9/30/2018 13:05,9/30/2018 16:10,-7
2018093009,2018,Oakland Coliseum,9/30/2018 13:05,9/30/2018 17:09,-7
2018093010,2018,Dignity Health Sports Park,9/30/2018 13:25,9/30/2018 16:38,-7
2018093011,2018,MetLife Stadium,9/30/2018 16:25,9/30/2018 19:27,-4
2018093012,2018,Heinz Field,9/30/2018 20:20,9/30/2018 23:28,-4
2018100100,2018,Empower Field at Mile High,10/1/2018 18:15,10/1/2018 21:19,-6
2018100400,2018,Gillette Stadium,10/4/2018 20:20,10/4/2018 23:34,-4
2018100700,2018,New Era Field,10/7/2018 13:00,10/7/2018 15:46,-4
2018100701,2018,Bank of America Stadium,10/7/2018 13:00,10/7/2018 16:21,-4
2018100702,2018,Paul Brown Stadium,10/7/2018 13:00,10/7/2018 16:02,-4
2018100703,2018,FirstEnergy Stadium,10/7/2018 13:00,10/7/2018 16:36,-4
2018100704,2018,Ford Field,10/7/2018 13:00,10/7/2018 16:23,-4
2018100705,2018,Arrowhead Stadium,10/7/2018 12:00,10/7/2018 15:24,-5
2018100706,2018,MetLife Stadium,10/7/2018 13:00,10/7/2018 16:09,-4
2018100707,2018,Heinz Field,10/7/2018 13:00,10/7/2018 16:02,-4
2018100708,2018,Dignity Health Sports Park,10/7/2018 13:05,10/7/2018 15:54,-7
2018100709,2018,Lincoln Financial Field,10/7/2018 16:25,10/7/2018 19:27,-4
2018100710,2018,Levi's Stadium,10/7/2018 13:25,10/7/2018 16:42,-7
2018100711,2018,CenturyLink Field,10/7/2018 13:25,10/7/2018 16:37,-7
2018100712,2018,NRG Stadium,10/7/2018 19:20,10/7/2018 22:43,-5
2018100800,2018,Mercedes-Benz Superdome,10/8/2018 19:15,10/8/2018 22:20,-5
2018101100,2018,MetLife Stadium,10/11/2018 20:20,10/11/2018 23:33,-4
2018101400,2018,Mercedes-Benz Stadium,10/14/2018 13:00,10/14/2018 16:09,-4
2018101401,2018,Paul Brown Stadium,10/14/2018 13:00,10/14/2018 16:08,-4
2018101402,2018,FirstEnergy Stadium,10/14/2018 13:00,10/14/2018 16:07,-4
2018101403,2018,NRG Stadium,10/14/2018 12:00,10/14/2018 14:55,-5
2018101404,2018,Hard Rock Stadium,10/14/2018 13:00,10/14/2018 16:33,-4
2018101405,2018,U.S. Bank Stadium,10/14/2018 12:00,10/14/2018 15:01,-5
2018101406,2018,MetLife Stadium,10/14/2018 13:00,10/14/2018 16:10,-4
2018101407,2018,Wembley Stadium,10/14/2018 18:00,10/14/2018 20:50,1
2018101408,2018,FedExField,10/14/2018 13:00,10/14/2018 15:55,-4
2018101409,2018,Empower Field at Mile High,10/14/2018 14:05,10/14/2018 17:21,-6
2018101410,2018,AT&T Stadium,10/14/2018 15:25,10/14/2018 18:17,-5
2018101411,2018,Nissan Stadium,10/14/2018 15:25,10/14/2018 18:17,-5
2018101412,2018,Gillette Stadium,10/14/2018 20:20,10/14/2018 23:27,-4
2018101500,2018,Lambeau Field,10/15/2018 19:15,10/15/2018 22:25,-5
2018101800,2018,State Farm Stadium,10/18/2018 17:20,10/18/2018 20:24,-7
2018102100,2018,Wembley Stadium,10/21/2018 14:30,10/21/2018 17:24,1
2018102101,2018,M&T Bank Stadium,10/21/2018 16:05,10/21/2018 19:08,-4
2018102102,2018,Soldier Field,10/21/2018 12:00,10/21/2018 15:21,-5
2018102103,2018,Lucas Oil Stadium,10/21/2018 13:00,10/21/2018 15:54,-4
2018102104,2018,TIAA Bank Field,10/21/2018 13:00,10/21/2018 15:52,-4
2018102105,2018,Arrowhead Stadium,10/21/2018 19:20,10/21/2018 22:24,-5
2018102106,2018,Hard Rock Stadium,10/21/2018 13:00,10/21/2018 15:56,-4
2018102107,2018,MetLife Stadium,10/21/2018 13:00,10/21/2018 16:29,-4
2018102108,2018,Lincoln Financial Field,10/21/2018 13:00,10/21/2018 15:55,-4
2018102109,2018,Raymond James Stadium,10/21/2018 13:00,10/21/2018 16:40,-4
2018102110,2018,FedExField,10/21/2018 16:25,10/21/2018 19:30,-4
2018102111,2018,Levi's Stadium,10/21/2018 13:25,10/21/2018 16:26,-7
2018102200,2018,Mercedes-Benz Stadium,10/22/2018 20:15,10/22/2018 23:12,-4
2018102500,2018,NRG Stadium,10/25/2018 19:20,10/25/2018 22:41,-5
2018102800,2018,Wembley Stadium,10/28/2018 13:30,10/28/2018 16:23,0
2018102801,2018,Bank of America Stadium,10/28/2018 13:00,10/28/2018 16:05,-4
2018102802,2018,Soldier Field,10/28/2018 12:00,10/28/2018 15:00,-5
2018102803,2018,Paul Brown Stadium,10/28/2018 13:00,10/28/2018 16:23,-4
2018102804,2018,Ford Field,10/28/2018 13:00,10/28/2018 16:01,-4
2018102805,2018,Arrowhead Stadium,10/28/2018 12:00,10/28/2018 15:10,-5
2018102806,2018,MetLife Stadium,10/28/2018 13:00,10/28/2018 16:13,-4
2018102807,2018,Heinz Field,10/28/2018 13:00,10/28/2018 16:04,-4
2018102808,2018,Oakland Coliseum,10/28/2018 13:05,10/28/2018 16:06,-7
2018102809,2018,State Farm Stadium,10/28/2018 13:25,10/28/2018 16:36,-7
2018102810,2018,Los Angeles Memorial Coliseum,10/28/2018 13:25,10/28/2018 16:44,-7
2018102811,2018,U.S. Bank Stadium,10/28/2018 19:20,10/28/2018 22:09,-5
2018102900,2018,New Era Field,10/29/2018 20:15,10/29/2018 23:29,-4
2018110100,2018,Levi's Stadium,11/1/2018 17:20,11/1/2018 20:10,-7
2018110400,2018,M&T Bank Stadium,11/4/2018 13:00,11/4/2018 16:05,-5
2018110401,2018,New Era Field,11/4/2018 13:00,11/4/2018 16:10,-5
2018110402,2018,Bank of America Stadium,11/4/2018 13:00,11/4/2018 16:16,-5
2018110403,2018,FirstEnergy Stadium,11/4/2018 13:00,11/4/2018 16:06,-5
2018110404,2018,Hard Rock Stadium,11/4/2018 13:00,11/4/2018 15:58,-5
2018110405,2018,U.S. Bank Stadium,11/4/2018 12:00,11/4/2018 14:46,-6
2018110406,2018,FedExField,11/4/2018 13:00,11/4/2018 15:57,-5
2018110407,2018,Empower Field at Mile High,11/4/2018 14:05,11/4/2018 17:10,-7
2018110408,2018,CenturyLink Field,11/4/2018 13:05,11/4/2018 16:11,-8
2018110409,2018,Mercedes-Benz Superdome,11/4/2018 15:25,11/4/2018 18:36,-6
2018110410,2018,Gillette Stadium,11/4/2018 20:20,11/4/2018 23:30,-5
2018110500,2018,AT&T Stadium,11/5/2018 19:15,11/5/2018 22:10,-6
2018110800,2018,Heinz Field,11/8/2018 20:20,11/8/2018 23:09,-5
2018111100,2018,Soldier Field,11/11/2018 12:00,11/11/2018 15:13,-6
2018111101,2018,Paul Brown Stadium,11/11/2018 13:00,11/11/2018 15:44,-5
2018111102,2018,FirstEnergy Stadium,11/11/2018 13:00,11/11/2018 15:49,-5
2018111103,2018,Lambeau Field,11/11/2018 15:25,11/11/2018 18:19,-6
2018111104,2018,Lucas Oil Stadium,11/11/2018 13:00,11/11/2018 16:05,-5
2018111105,2018,Arrowhead Stadium,11/11/2018 12:00,11/11/2018 14:54,-6
2018111106,2018,MetLife Stadium,11/11/2018 13:00,11/11/2018 16:03,-5
2018111107,2018,Raymond James Stadium,11/11/2018 13:00,11/11/2018 16:01,-5
2018111108,2018,Nissan Stadium,11/11/2018 12:00,11/11/2018 14:59,-6
2018111109,2018,Oakland Coliseum,11/11/2018 13:05,11/11/2018 15:56,-8
2018111110,2018,Los Angeles Memorial Coliseum,11/11/2018 13:25,11/11/2018 16:34,-8
2018111111,2018,Lincoln Financial Field,11/11/2018 20:20,11/11/2018 23:22,-5
2018111200,2018,Levi's Stadium,11/12/2018 17:15,11/12/2018 20:21,-8
2018111500,2018,CenturyLink Field,11/15/2018 17:20,11/15/2018 20:16,-8
2018111800,2018,Mercedes-Benz Stadium,11/18/2018 13:00,11/18/2018 15:45,-5
2018111801,2018,M&T Bank Stadium,11/18/2018 13:00,11/18/2018 16:05,-5
2018111802,2018,Soldier Field,11/18/2018 19:20,11/18/2018 22:23,-6
2018111803,2018,Ford Field,11/18/2018 13:00,11/18/2018 15:57,-5
2018111804,2018,Lucas Oil Stadium,11/18/2018 13:00,11/18/2018 15:51,-5
2018111805,2018,MetLife Stadium,11/18/2018 13:00,11/18/2018 16:01,-5
2018111806,2018,FedExField,11/18/2018 13:00,11/18/2018 16:03,-5
2018111807,2018,State Farm Stadium,11/18/2018 14:05,11/18/2018 17:07,-7
2018111808,2018,Dignity Health Sports Park,11/18/2018 13:05,11/18/2018 16:15,-8
2018111809,2018,Mercedes-Benz Superdome,11/18/2018 15:25,11/18/2018 18:32,-6
2018111810,2018,TIAA Bank Field,11/18/2018 13:00,11/18/2018 16:14,-5
2018111900,2018,Los Angeles Memorial Coliseum,11/19/2018 17:15,11/19/2018 20:57,-8
2018112200,2018,Ford Field,11/22/2018 12:30,11/22/2018 15:32,-5
2018112201,2018,AT&T Stadium,11/22/2018 15:30,11/22/2018 19:06,-6
2018112202,2018,Mercedes-Benz Superdome,11/22/2018 19:20,11/22/2018 22:15,-6
2018112500,2018,M&T Bank Stadium,11/25/2018 13:00,11/25/2018 16:02,-5
2018112501,2018,New Era Field,11/25/2018 13:00,11/25/2018 16:22,-5
2018112502,2018,Bank of America Stadium,11/25/2018 13:00,11/25/2018 16:03,-5
2018112503,2018,Paul Brown Stadium,11/25/2018 13:00,11/25/2018 16:18,-5
2018112504,2018,Lucas Oil Stadium,11/25/2018 16:25,11/25/2018 19:21,-5
2018112505,2018,MetLife Stadium,11/25/2018 13:00,11/25/2018 15:58,-5
2018112506,2018,Lincoln Financial Field,11/25/2018 13:00,11/25/2018 16:06,-5
2018112507,2018,Raymond James Stadium,11/25/2018 13:00,11/25/2018 16:08,-5
2018112508,2018,Dignity Health Sports Park,11/25/2018 13:05,11/25/2018 15:50,-8
2018112509,2018,Empower Field at Mile High,11/25/2018 14:25,11/25/2018 17:28,-7
2018112510,2018,U.S. Bank Stadium,11/25/2018 19:20,11/25/2018 22:27,-6
2018112600,2018,NRG Stadium,11/26/2018 19:15,11/26/2018 21:59,-6
2018112900,2018,AT&T Stadium,11/29/2018 19:20,11/29/2018 22:18,-6
2018120200,2018,Mercedes-Benz Stadium,12/2/2018 13:00,12/2/2018 16:09,-5
2018120201,2018,Paul Brown Stadium,12/2/2018 13:00,12/2/2018 16:13,-5
2018120202,2018,Ford Field,12/2/2018 13:00,12/2/2018 16:14,-5
2018120203,2018,Lambeau Field,12/2/2018 12:00,12/2/2018 15:10,-6
2018120204,2018,NRG Stadium,12/2/2018 12:00,12/2/2018 15:02,-6
2018120205,2018,TIAA Bank Field,12/2/2018 13:00,12/2/2018 15:51,-5
2018120206,2018,Hard Rock Stadium,12/2/2018 13:00,12/2/2018 16:10,-5
2018120207,2018,MetLife Stadium,12/2/2018 13:00,12/2/2018 16:34,-5
2018120208,2018,Heinz Field,12/2/2018 20:20,12/2/2018 23:30,-5
2018120209,2018,Raymond James Stadium,12/2/2018 13:00,12/2/2018 16:02,-5
2018120210,2018,Oakland Coliseum,12/2/2018 13:05,12/2/2018 16:22,-8
2018120211,2018,Nissan Stadium,12/2/2018 15:05,12/2/2018 18:22,-6
2018120212,2018,Gillette Stadium,12/2/2018 16:25,12/2/2018 19:23,-5
2018120213,2018,CenturyLink Field,12/2/2018 13:25,12/2/2018 16:40,-8
2018120300,2018,Lincoln Financial Field,12/3/2018 20:15,12/3/2018 23:12,-5
2018120600,2018,Nissan Stadium,12/6/2018 19:20,12/6/2018 22:18,-6
2018120900,2018,New Era Field,12/9/2018 13:00,12/9/2018 16:12,-5
2018120901,2018,Soldier Field,12/9/2018 19:20,12/9/2018 22:32,-6
2018120902,2018,FirstEnergy Stadium,12/9/2018 13:00,12/9/2018 16:10,-5
2018120903,2018,Lambeau Field,12/9/2018 12:00,12/9/2018 15:12,-6
2018120904,2018,NRG Stadium,12/9/2018 12:00,12/9/2018 15:10,-6
2018120905,2018,Arrowhead Stadium,12/9/2018 12:00,12/9/2018 15:28,-6
2018120906,2018,Hard Rock Stadium,12/9/2018 13:00,12/9/2018 16:08,-5
2018120907,2018,Raymond James Stadium,12/9/2018 13:00,12/9/2018 16:12,-5
2018120908,2018,FedExField,12/9/2018 13:00,12/9/2018 16:01,-5
2018120909,2018,Dignity Health Sports Park,12/9/2018 13:05,12/9/2018 16:03,-8
2018120910,2018,Levi's Stadium,12/9/2018 13:05,12/9/2018 16:24,-8
2018120911,2018,State Farm Stadium,12/9/2018 14:25,12/9/2018 17:22,-7
2018120912,2018,AT&T Stadium,12/9/2018 15:25,12/9/2018 18:53,-6
2018120913,2018,Oakland Coliseum,12/9/2018 13:25,12/9/2018 16:29,-8
2018121000,2018,CenturyLink Field,12/10/2018 17:15,12/10/2018 20:10,-8
2018121300,2018,Arrowhead Stadium,12/13/2018 19:20,12/13/2018 22:29,-6
2018121500,2018,MetLife Stadium,12/15/2018 16:30,12/15/2018 19:39,-5
2018121501,2018,Empower Field at Mile High,12/15/2018 18:20,12/15/2018 21:26,-7
2018121600,2018,Mercedes-Benz Stadium,12/16/2018 13:00,12/16/2018 16:07,-5
2018121601,2018,M&T Bank Stadium,12/16/2018 13:00,12/16/2018 15:50,-5
2018121602,2018,New Era Field,12/16/2018 13:00,12/16/2018 15:58,-5
2018121603,2018,Soldier Field,12/16/2018 12:00,12/16/2018 14:58,-6
2018121604,2018,Paul Brown Stadium,12/16/2018 13:00,12/16/2018 16:13,-5
2018121605,2018,Lucas Oil Stadium,12/16/2018 13:00,12/16/2018 15:54,-5
2018121606,2018,TIAA Bank Field,12/16/2018 13:00,12/16/2018 15:52,-5
2018121607,2018,U.S. Bank Stadium,12/16/2018 12:00,12/16/2018 15:03,-6
2018121608,2018,MetLife Stadium,12/16/2018 13:00,12/16/2018 16:07,-5
2018121609,2018,Levi's Stadium,12/16/2018 13:05,12/16/2018 16:23,-8
2018121610,2018,Heinz Field,12/16/2018 16:25,12/16/2018 19:21,-5
2018121611,2018,Los Angeles Memorial Coliseum,12/16/2018 17:20,12/16/2018 20:35,-8
2018121700,2018,Bank of America Stadium,12/17/2018 20:15,12/17/2018 23:17,-5
2018122200,2018,Nissan Stadium,12/22/2018 15:30,12/22/2018 18:14,-6
2018122201,2018,Dignity Health Sports Park,12/22/2018 17:20,12/22/2018 20:16,-8
2018122300,2018,Lucas Oil Stadium,12/23/2018 13:00,12/23/2018 15:59,-5
2018122302,2018,Hard Rock Stadium,12/23/2018 13:00,12/23/2018 15:50,-5
2018122304,2018,Bank of America Stadium,12/23/2018 13:00,12/23/2018 16:00,-5
2018122305,2018,FirstEnergy Stadium,12/23/2018 13:00,12/23/2018 15:45,-5
2018122306,2018,AT&T Stadium,12/23/2018 12:00,12/23/2018 15:00,-6
2018122307,2018,Ford Field,12/23/2018 13:00,12/23/2018 16:09,-5
2018122308,2018,Gillette Stadium,12/23/2018 13:00,12/23/2018 16:01,-5
2018122309,2018,MetLife Stadium,12/23/2018 13:00,12/23/2018 16:47,-5
2018122310,2018,Lincoln Financial Field,12/23/2018 13:00,12/23/2018 16:17,-5
2018122311,2018,State Farm Stadium,12/23/2018 14:05,12/23/2018 17:02,-7
2018122312,2018,Levi's Stadium,12/23/2018 13:05,12/23/2018 16:13,-8
2018122313,2018,Mercedes-Benz Superdome,12/23/2018 15:25,12/23/2018 18:49,-6
2018122314,2018,CenturyLink Field,12/23/2018 17:20,12/23/2018 20:41,-8
2018122400,2018,Oakland Coliseum,12/24/2018 17:15,12/24/2018 20:15,-8
2018123000,2018,M&T Bank Stadium,12/30/2018 16:25,12/30/2018 19:40,-5
2018123001,2018,New Era Field,12/30/2018 13:00,12/30/2018 16:02,-5
2018123002,2018,Lambeau Field,12/30/2018 12:00,12/30/2018 14:45,-6
2018123003,2018,NRG Stadium,12/30/2018 12:00,12/30/2018 14:53,-6
2018123004,2018,Arrowhead Stadium,12/30/2018 15:25,12/30/2018 18:02,-6
2018123005,2018,U.S. Bank Stadium,12/30/2018 15:25,12/30/2018 18:23,-6
2018123006,2018,Gillette Stadium,12/30/2018 13:00,12/30/2018 15:56,-5
2018123007,2018,Mercedes-Benz Superdome,12/30/2018 12:00,12/30/2018 15:00,-6
2018123008,2018,MetLife Stadium,12/30/2018 13:00,12/30/2018 16:11,-5
2018123009,2018,Heinz Field,12/30/2018 16:25,12/30/2018 19:25,-5
2018123010,2018,Raymond James Stadium,12/30/2018 13:00,12/30/2018 16:08,-5
2018123011,2018,Nissan Stadium,12/30/2018 19:20,12/30/2018 22:24,-6
2018123012,2018,FedExField,12/30/2018 16:25,12/30/2018 19:03,-5
2018123013,2018,Empower Field at Mile High,12/30/2018 14:25,12/30/2018 17:28,-7
2018123014,2018,Los Angeles Memorial Coliseum,12/30/2018 13:25,12/30/2018 16:40,-8
2018123015,2018,CenturyLink Field,12/30/2018 13:25,12/30/2018 16:28,-8
2019010500,2018,NRG Stadium,1/5/2019 15:35,1/5/2019 18:33,-6
2019010501,2018,AT&T Stadium,1/5/2019 19:15,1/5/2019 22:26,-6
2019010600,2018,M&T Bank Stadium,1/6/2019 13:05,1/6/2019 16:22,-5
2019010601,2018,Soldier Field,1/6/2019 15:40,1/6/2019 18:49,-6
2019011200,2018,Arrowhead Stadium,1/12/2019 15:35,1/12/2019 18:43,-6
2019011201,2018,Los Angeles Memorial Coliseum,1/12/2019 17:15,1/12/2019 20:16,-8
2019011300,2018,Gillette Stadium,1/13/2019 13:05,1/13/2019 16:37,-5
2019011301,2018,Mercedes-Benz Superdome,1/13/2019 15:40,1/13/2019 18:46,-6
2019012000,2018,Mercedes-Benz Superdome,1/20/2019 14:05,1/20/2019 17:14,-6
2019012001,2018,Arrowhead Stadium,1/20/2019 17:40,1/20/2019 21:12,-6
2019020300,2018,Mercedes-Benz Stadium,2/3/2019 18:30,2/3/2019 22:02,-5
2019090500,2019,Soldier Field,9/5/2019 19:20,9/5/2019 22:27,-5
2019090800,2019,Bank of America Stadium,9/8/2019 13:00,9/8/2019 16:12,-4
2019090801,2019,FirstEnergy Stadium,9/8/2019 13:00,9/8/2019 16:12,-4
2019090802,2019,TIAA Bank Field,9/8/2019 13:00,9/8/2019 16:04,-4
2019090803,2019,Hard Rock Stadium,9/8/2019 13:00,9/8/2019 15:58,-4
2019090804,2019,U.S. Bank Stadium,9/8/2019 12:00,9/8/2019 15:07,-5
2019090805,2019,MetLife Stadium,9/8/2019 13:00,9/8/2019 16:09,-4
2019090806,2019,Lincoln Financial Field,9/8/2019 13:00,9/8/2019 16:13,-4
2019090807,2019,Dignity Health Sports Park,9/8/2019 13:05,9/8/2019 16:09,-7
2019090808,2019,CenturyLink Field,9/8/2019 13:05,9/8/2019 16:17,-7
2019090809,2019,State Farm Stadium,9/8/2019 13:25,9/8/2019 17:23,-7
2019090810,2019,AT&T Stadium,9/8/2019 15:25,9/8/2019 18:28,-5
2019090811,2019,Raymond James Stadium,9/8/2019 16:25,9/8/2019 19:31,-4
2019090812,2019,Gillette Stadium,9/8/2019 20:20,9/8/2019 23:20,-4
2019090900,2019,Mercedes-Benz Superdome,9/9/2019 18:10,9/9/2019 21:24,-5
2019090901,2019,Oakland Coliseum,9/9/2019 19:20,9/9/2019 22:09,-7
2019091200,2019,Bank of America Stadium,9/12/2019 20:20,9/13/2019 0:11,-4
2019091500,2019,M&T Bank Stadium,9/15/2019 13:00,9/15/2019 16:09,-4
2019091501,2019,Paul Brown Stadium,9/15/2019 13:00,9/15/2019 15:59,-4
2019091502,2019,Ford Field,9/15/2019 13:00,9/15/2019 15:55,-4
2019091503,2019,Lambeau Field,9/15/2019 12:00,9/15/2019 15:18,-5
2019091504,2019,NRG Stadium,9/15/2019 12:00,9/15/2019 15:04,-5
2019091505,2019,Hard Rock Stadium,9/15/2019 13:00,9/15/2019 16:09,-4
2019091506,2019,MetLife Stadium,9/15/2019 13:00,9/15/2019 16:11,-4
2019091507,2019,Heinz Field,9/15/2019 13:00,9/15/2019 16:14,-4
2019091508,2019,Nissan Stadium,9/15/2019 12:00,9/15/2019 15:01,-5
2019091509,2019,FedExField,9/15/2019 13:00,9/15/2019 15:54,-4
2019091510,2019,Oakland Coliseum,9/15/2019 13:05,9/15/2019 16:17,-7
2019091511,2019,Empower Field at Mile High,9/15/2019 14:25,9/15/2019 17:31,-6
2019091512,2019,Los Angeles Memorial Coliseum,9/15/2019 13:25,9/15/2019 16:34,-7
2019091513,2019,Mercedes-Benz Stadium,9/15/2019 20:20,9/15/2019 23:36,-4
2019091600,2019,MetLife Stadium,9/16/2019 20:15,9/16/2019 23:17,-4
2019091900,2019,TIAA Bank Field,9/19/2019 20:20,9/19/2019 23:21,-4
2019092200,2019,New Era Field,9/22/2019 13:00,9/22/2019 16:15,-4
2019092201,2019,AT&T Stadium,9/22/2019 12:00,9/22/2019 15:08,-5
2019092202,2019,Lambeau Field,9/22/2019 12:00,9/22/2019 14:58,-5
2019092203,2019,Lucas Oil Stadium,9/22/2019 13:00,9/22/2019 15:59,-4
2019092204,2019,Arrowhead Stadium,9/22/2019 12:00,9/22/2019 15:12,-5
2019092205,2019,U.S. Bank Stadium,9/22/2019 12:00,9/22/2019 14:49,-5
2019092206,2019,Gillette Stadium,9/22/2019 13:00,9/22/2019 15:58,-4
2019092207,2019,Lincoln Financial Field,9/22/2019 13:00,9/22/2019 16:09,-4
2019092208,2019,State Farm Stadium,9/22/2019 13:05,9/22/2019 16:01,-7
2019092209,2019,Raymond James Stadium,9/22/2019 16:05,9/22/2019 19:25,-4
2019092210,2019,Dignity Health Sports Park,9/22/2019 13:25,9/22/2019 16:42,-7
2019092211,2019,CenturyLink Field,9/22/2019 13:25,9/22/2019 16:34,-7
2019092212,2019,Levi's Stadium,9/22/2019 13:25,9/22/2019 16:22,-7
2019092213,2019,FirstEnergy Stadium,9/22/2019 20:20,9/22/2019 23:24,-4
2019092300,2019,FedExField,9/23/2019 20:15,9/23/2019 23:20,-4
2019092600,2019,Lambeau Field,9/26/2019 19:20,9/26/2019 22:47,-5
2019092900,2019,Mercedes-Benz Stadium,9/29/2019 13:00,9/29/2019 15:57,-4
2019092901,2019,M&T Bank Stadium,9/29/2019 13:00,9/29/2019 16:08,-4
2019092902,2019,New Era Field,9/29/2019 13:00,9/29/2019 16:19,-4
2019092903,2019,Ford Field,9/29/2019 13:00,9/29/2019 16:34,-4
2019092904,2019,NRG Stadium,9/29/2019 12:00,9/29/2019 15:06,-5
2019092905,2019,Lucas Oil Stadium,9/29/2019 13:00,9/29/2019 16:11,-4
2019092906,2019,Hard Rock Stadium,9/29/2019 13:00,9/29/2019 15:52,-4
2019092907,2019,MetLife Stadium,9/29/2019 13:00,9/29/2019 15:52,-4
2019092908,2019,State Farm Stadium,9/29/2019 13:05,9/29/2019 16:01,-7
2019092909,2019,Los Angeles Memorial Coliseum,9/29/2019 13:05,9/29/2019 16:44,-7
2019092910,2019,Soldier Field,9/29/2019 15:25,9/29/2019 18:24,-5
2019092911,2019,Empower Field at Mile High,9/29/2019 14:25,9/29/2019 17:40,-6
2019092912,2019,Mercedes-Benz Superdome,9/29/2019 19:20,9/29/2019 22:16,-5
2019093000,2019,Heinz Field,9/30/2019 20:15,9/30/2019 23:11,-4
2019100300,2019,CenturyLink Field,10/3/2019 17:20,10/3/2019 20:47,-7
2019100600,2019,Bank of America Stadium,10/6/2019 13:00,10/6/2019 16:28,-4
2019100601,2019,Paul Brown Stadium,10/6/2019 13:00,10/6/2019 16:03,-4
2019100602,2019,NRG Stadium,10/6/2019 12:00,10/6/2019 15:13,-5
2019100603,2019,Mercedes-Benz Superdome,10/6/2019 12:00,10/6/2019 15:07,-5
2019100604,2019,MetLife Stadium,10/6/2019 13:00,10/6/2019 16:03,-4
2019100605,2019,Tottenham Hotspur Stadium,10/6/2019 18:00,10/6/2019 21:08,1
2019100606,2019,Lincoln Financial Field,10/6/2019 13:00,10/6/2019 16:01,-4
2019100607,2019,Heinz Field,10/6/2019 13:00,10/6/2019 16:23,-4
2019100608,2019,Nissan Stadium,10/6/2019 12:00,10/6/2019 14:54,-5
2019100609,2019,FedExField,10/6/2019 13:00,10/6/2019 16:08,-4
2019100610,2019,Dignity Health Sports Park,10/6/2019 13:05,10/6/2019 16:08,-7
2019100611,2019,AT&T Stadium,10/6/2019 15:25,10/6/2019 18:56,-5
2019100612,2019,Arrowhead Stadium,10/6/2019 19:20,10/6/2019 22:35,-5
2019100700,2019,Levi's Stadium,10/7/2019 17:15,10/7/2019 20:12,-7
2019101000,2019,Gillette Stadium,10/10/2019 20:20,10/10/2019 23:22,-4
2019101300,2019,Tottenham Hotspur Stadium,10/13/2019 14:30,10/13/2019 17:56,1
2019101301,2019,M&T Bank Stadium,10/13/2019 13:00,10/13/2019 16:12,-4
2019101302,2019,FirstEnergy Stadium,10/13/2019 13:00,10/13/2019 16:31,-4
2019101303,2019,TIAA Bank Field,10/13/2019 13:00,10/13/2019 15:52,-4
2019101304,2019,Arrowhead Stadium,10/13/2019 12:00,10/13/2019 15:07,-5
2019101305,2019,Hard Rock Stadium,10/13/2019 13:00,10/13/2019 16:09,-4
2019101306,2019,U.S. Bank Stadium,10/13/2019 12:00,10/13/2019 15:07,-5
2019101307,2019,State Farm Stadium,10/13/2019 13:05,10/13/2019 16:12,-7
2019101308,2019,Los Angeles Memorial Coliseum,10/13/2019 13:05,10/13/2019 16:16,-7
2019101309,2019,Empower Field at Mile High,10/13/2019 14:25,10/13/2019 17:20,-6
2019101310,2019,MetLife Stadium,10/13/2019 16:25,10/13/2019 19:24,-4
2019101311,2019,Dignity Health Sports Park,10/13/2019 17:20,10/13/2019 20:15,-7
2019101400,2019,Lambeau Field,10/14/2019 19:15,10/14/2019 22:21,-5
2019101700,2019,Empower Field at Mile High,10/17/2019 18:20,10/17/2019 21:13,-6
2019102000,2019,Mercedes-Benz Stadium,10/20/2019 13:00,10/20/2019 16:03,-4
2019102001,2019,New Era Field,10/20/2019 13:00,10/20/2019 16:00,-4
2019102002,2019,Paul Brown Stadium,10/20/2019 13:00,10/20/2019 16:17,-4
2019102003,2019,Ford Field,10/20/2019 13:00,10/20/2019 16:11,-4
2019102004,2019,Lambeau Field,10/20/2019 12:00,10/20/2019 14:59,-5
2019102005,2019,Lucas Oil Stadium,10/20/2019 13:00,10/20/2019 16:10,-4
2019102006,2019,MetLife Stadium,10/20/2019 13:00,10/20/2019 16:03,-4
2019102007,2019,FedExField,10/20/2019 13:00,10/20/2019 15:36,-4
2019102008,2019,Nissan Stadium,10/20/2019 15:05,10/20/2019 18:15,-5
2019102009,2019,Soldier Field,10/20/2019 15:25,10/20/2019 18:53,-5
2019102010,2019,CenturyLink Field,10/20/2019 13:25,10/20/2019 16:30,-7
2019102011,2019,AT&T Stadium,10/20/2019 19:20,10/20/2019 22:21,-5
2019102100,2019,MetLife Stadium,10/21/2019 20:15,10/21/2019 23:25,-4
2019102400,2019,U.S. Bank Stadium,10/24/2019 19:20,10/24/2019 21:59,-5
2019102700,2019,Mercedes-Benz Stadium,10/27/2019 13:00,10/27/2019 16:00,-4
2019102701,2019,New Era Field,10/27/2019 13:00,10/27/2019 16:01,-4
2019102702,2019,Soldier Field,10/27/2019 12:00,10/27/2019 14:56,-5
2019102703,2019,Ford Field,10/27/2019 13:00,10/27/2019 16:02,-4
2019102704,2019,NRG Stadium,10/27/2019 15:25,10/27/2019 18:33,-5
2019102705,2019,TIAA Bank Field,10/27/2019 13:00,10/27/2019 16:15,-4
2019102706,2019,Wembley Stadium,10/27/2019 17:00,10/27/2019 20:05,0
2019102707,2019,Mercedes-Benz Superdome,10/27/2019 12:00,10/27/2019 14:55,-5
2019102708,2019,Nissan Stadium,10/27/2019 12:00,10/27/2019 15:22,-5
2019102709,2019,Levi's Stadium,10/27/2019 13:05,10/27/2019 16:09,-7
2019102710,2019,Lucas Oil Stadium,10/27/2019 13:00,10/27/2019 16:14,-4
2019102711,2019,Gillette Stadium,10/27/2019 16:25,10/27/2019 19:36,-4
2019102712,2019,Arrowhead Stadium,10/27/2019 19:20,10/27/2019 22:27,-5
2019102800,2019,Heinz Field,10/28/2019 20:15,10/28/2019 23:30,-4
2019103100,2019,State Farm Stadium,10/31/2019 18:20,10/31/2019 21:30,-7
2019110300,2019,Wembley Stadium,11/3/2019 14:30,11/3/2019 17:27,0
2019110301,2019,New Era Field,11/3/2019 13:00,11/3/2019 15:40,-5
2019110302,2019,Bank of America Stadium,11/3/2019 13:00,11/3/2019 16:17,-5
2019110303,2019,Arrowhead Stadium,11/3/2019 12:00,11/3/2019 15:07,-6
2019110304,2019,Hard Rock Stadium,11/3/2019 13:00,11/3/2019 16:19,-5
2019110305,2019,Lincoln Financial Field,11/3/2019 13:00,11/3/2019 16:02,-5
2019110306,2019,Heinz Field,11/3/2019 13:00,11/3/2019 16:03,-5
2019110307,2019,Oakland Coliseum,11/3/2019 13:05,11/3/2019 16:08,-8
2019110308,2019,CenturyLink Field,11/3/2019 13:05,11/3/2019 16:34,-8
2019110309,2019,Empower Field at Mile High,11/3/2019 14:25,11/3/2019 17:33,-7
2019110310,2019,Dignity Health Sports Park,11/3/2019 13:25,11/3/2019 16:18,-8
2019110311,2019,M&T Bank Stadium,11/3/2019 20:20,11/3/2019 23:19,-5
2019110400,2019,MetLife Stadium,11/4/2019 20:15,11/4/2019 23:29,-5
2019110700,2019,Oakland Coliseum,11/7/2019 17:20,11/7/2019 20:33,-8
2019111000,2019,Soldier Field,11/10/2019 12:00,11/10/2019 15:07,-6
2019111001,2019,Paul Brown Stadium,11/10/2019 13:00,11/10/2019 15:50,-5
2019111002,2019,FirstEnergy Stadium,11/10/2019 13:00,11/10/2019 16:14,-5
2019111003,2019,Lambeau Field,11/10/2019 15:25,11/10/2019 18:42,-6
2019111004,2019,Mercedes-Benz Superdome,11/10/2019 12:00,11/10/2019 15:10,-6
2019111005,2019,MetLife Stadium,11/10/2019 13:00,11/10/2019 16:11,-5
2019111006,2019,Raymond James Stadium,11/10/2019 13:00,11/10/2019 16:23,-5
2019111007,2019,Nissan Stadium,11/10/2019 12:00,11/10/2019 15:12,-6
2019111008,2019,Lucas Oil Stadium,11/10/2019 16:05,11/10/2019 19:07,-5
2019111009,2019,Heinz Field,11/10/2019 16:25,11/10/2019 19:57,-5
2019111010,2019,AT&T Stadium,11/10/2019 19:20,11/10/2019 22:22,-6
2019111100,2019,Levi's Stadium,11/11/2019 17:15,11/11/2019 21:04,-8
2019111400,2019,FirstEnergy Stadium,11/14/2019 20:20,11/14/2019 23:46,-5
2019111700,2019,M&T Bank Stadium,11/17/2019 13:00,11/17/2019 15:56,-5
2019111701,2019,Bank of America Stadium,11/17/2019 13:00,11/17/2019 16:04,-5
2019111702,2019,Ford Field,11/17/2019 13:00,11/17/2019 16:14,-5
2019111703,2019,Lucas Oil Stadium,11/17/2019 13:00,11/17/2019 16:00,-5
2019111704,2019,Hard Rock Stadium,11/17/2019 13:00,11/17/2019 16:20,-5
2019111705,2019,U.S. Bank Stadium,11/17/2019 12:00,11/17/2019 15:15,-6
2019111706,2019,Raymond James Stadium,11/17/2019 13:00,11/17/2019 16:02,-5
2019111707,2019,FedExField,11/17/2019 13:00,11/17/2019 16:16,-5
2019111708,2019,Levi's Stadium,11/17/2019 13:05,11/17/2019 16:25,-8
2019111709,2019,Oakland Coliseum,11/17/2019 13:25,11/17/2019 16:29,-8
2019111710,2019,Lincoln Financial Field,11/17/2019 16:25,11/17/2019 19:43,-5
2019111711,2019,Los Angeles Memorial Coliseum,11/17/2019 17:20,11/17/2019 20:12,-8
2019111800,2019,Estadio Azteca,11/18/2019 19:15,11/18/2019 22:37,-6
2019112100,2019,NRG Stadium,11/21/2019 19:20,11/21/2019 22:18,-6
2019112400,2019,Mercedes-Benz Stadium,11/24/2019 13:00,11/24/2019 16:22,-5
2019112401,2019,New Era Field,11/24/2019 13:00,11/24/2019 15:57,-5
2019112402,2019,Soldier Field,11/24/2019 12:00,11/24/2019 15:02,-6
2019112403,2019,Paul Brown Stadium,11/24/2019 13:00,11/24/2019 16:08,-5
2019112404,2019,FirstEnergy Stadium,11/24/2019 13:00,11/24/2019 16:09,-5
2019112405,2019,Mercedes-Benz Superdome,11/24/2019 12:00,11/24/2019 15:26,-6
2019112406,2019,MetLife Stadium,11/24/2019 13:00,11/24/2019 15:52,-5
2019112407,2019,FedExField,11/24/2019 13:00,11/24/2019 16:15,-5
2019112408,2019,Nissan Stadium,11/24/2019 15:05,11/24/2019 18:06,-6
2019112409,2019,Gillette Stadium,11/24/2019 16:25,11/24/2019 19:31,-5
2019112410,2019,Levi's Stadium,11/24/2019 17:20,11/24/2019 20:16,-8
2019112411,2019,Lincoln Financial Field,11/24/2019 13:00,11/24/2019 16:12,-5
2019112500,2019,Los Angeles Memorial Coliseum,11/25/2019 17:15,11/25/2019 20:09,-8
2019112800,2019,Ford Field,11/28/2019 12:30,11/28/2019 15:53,-5
2019112801,2019,AT&T Stadium,11/28/2019 15:30,11/28/2019 18:41,-6
2019112802,2019,Mercedes-Benz Stadium,11/28/2019 20:20,11/28/2019 23:32,-5
2019120100,2019,M&T Bank Stadium,12/1/2019 13:00,12/1/2019 15:56,-5
2019120101,2019,Bank of America Stadium,12/1/2019 13:00,12/1/2019 16:32,-5
2019120102,2019,Paul Brown Stadium,12/1/2019 13:00,12/1/2019 16:11,-5
2019120103,2019,Lucas Oil Stadium,12/1/2019 13:00,12/1/2019 16:07,-5
2019120104,2019,TIAA Bank Field,12/1/2019 13:00,12/1/2019 16:20,-5
2019120105,2019,Arrowhead Stadium,12/1/2019 15:25,12/1/2019 18:18,-6
2019120106,2019,Hard Rock Stadium,12/1/2019 13:00,12/1/2019 16:27,-5
2019120107,2019,MetLife Stadium,12/1/2019 13:00,12/1/2019 15:56,-5
2019120108,2019,State Farm Stadium,12/1/2019 14:05,12/1/2019 17:06,-7
2019120109,2019,Empower Field at Mile High,12/1/2019 14:25,12/1/2019 17:26,-7
2019120110,2019,Heinz Field,12/1/2019 13:00,12/1/2019 16:10,-5
2019120111,2019,NRG Stadium,12/1/2019 19:20,12/1/2019 22:36,-6
2019120200,2019,CenturyLink Field,12/2/2019 17:15,12/2/2019 20:28,-8
2019120500,2019,Soldier Field,12/5/2019 19:20,12/5/2019 22:34,-6
2019120800,2019,Mercedes-Benz Stadium,12/8/2019 13:00,12/8/2019 16:11,-5
2019120801,2019,New Era Field,12/8/2019 13:00,12/8/2019 16:11,-5
2019120802,2019,FirstEnergy Stadium,12/8/2019 13:00,12/8/2019 16:15,-5
2019120803,2019,Lambeau Field,12/8/2019 12:00,12/8/2019 14:59,-6
2019120804,2019,NRG Stadium,12/8/2019 12:00,12/8/2019 15:12,-6
2019120805,2019,U.S. Bank Stadium,12/8/2019 12:00,12/8/2019 15:07,-6
2019120806,2019,Mercedes-Benz Superdome,12/8/2019 12:00,12/8/2019 15:23,-6
2019120807,2019,MetLife Stadium,12/8/2019 13:00,12/8/2019 16:06,-5
2019120808,2019,Raymond James Stadium,12/8/2019 13:00,12/8/2019 16:14,-5
2019120809,2019,TIAA Bank Field,12/8/2019 16:05,12/8/2019 19:02,-5
2019120810,2019,State Farm Stadium,12/8/2019 14:25,12/8/2019 17:11,-7
2019120811,2019,Gillette Stadium,12/8/2019 16:25,12/8/2019 19:40,-5
2019120812,2019,Oakland Coliseum,12/8/2019 13:25,12/8/2019 16:23,-8
2019120813,2019,Los Angeles Memorial Coliseum,12/8/2019 17:20,12/8/2019 20:21,-8
2019120900,2019,Lincoln Financial Field,12/9/2019 20:15,12/9/2019 23:35,-5
2019121200,2019,M&T Bank Stadium,12/12/2019 20:20,12/12/2019 23:20,-5
2019121500,2019,Bank of America Stadium,12/15/2019 13:00,12/15/2019 16:06,-5
2019121501,2019,Paul Brown Stadium,12/15/2019 13:00,12/15/2019 16:05,-5
2019121502,2019,Ford Field,12/15/2019 13:00,12/15/2019 16:14,-5
2019121503,2019,Lambeau Field,12/15/2019 12:00,12/15/2019 15:17,-6
2019121504,2019,Arrowhead Stadium,12/15/2019 12:00,12/15/2019 14:57,-6
2019121505,2019,MetLife Stadium,12/15/2019 13:00,12/15/2019 16:11,-5
2019121506,2019,Heinz Field,12/15/2019 20:20,12/15/2019 23:21,-5
2019121507,2019,Nissan Stadium,12/15/2019 12:00,12/15/2019 15:02,-6
2019121508,2019,FedExField,12/15/2019 13:00,12/15/2019 16:09,-5
2019121509,2019,State Farm Stadium,12/15/2019 14:05,12/15/2019 17:05,-7
2019121510,2019,Oakland Coliseum,12/15/2019 13:05,12/15/2019 16:08,-8
2019121511,2019,AT&T Stadium,12/15/2019 15:25,12/15/2019 18:39,-6
2019121512,2019,Levi's Stadium,12/15/2019 13:25,12/15/2019 16:39,-8
2019121513,2019,Dignity Health Sports Park,12/15/2019 13:05,12/15/2019 16:04,-8
2019121600,2019,Mercedes-Benz Superdome,12/16/2019 19:15,12/16/2019 22:10,-6
2019122100,2019,Raymond James Stadium,12/21/2019 13:00,12/21/2019 16:15,-5
2019122101,2019,Gillette Stadium,12/21/2019 16:30,12/21/2019 19:33,-5
2019122102,2019,Levi's Stadium,12/21/2019 17:15,12/21/2019 20:21,-8
2019122200,2019,Empower Field at Mile High,12/22/2019 14:05,12/22/2019 16:59,-7
2019122201,2019,Dignity Health Sports Park,12/22/2019 13:05,12/22/2019 16:06,-8
2019122205,2019,Mercedes-Benz Stadium,12/22/2019 13:00,12/22/2019 15:57,-5
2019122206,2019,FirstEnergy Stadium,12/22/2019 13:00,12/22/2019 16:05,-5
2019122207,2019,Lucas Oil Stadium,12/22/2019 13:00,12/22/2019 16:02,-5
2019122208,2019,Hard Rock Stadium,12/22/2019 13:00,12/22/2019 17:00,-5
2019122209,2019,MetLife Stadium,12/22/2019 13:00,12/22/2019 15:53,-5
2019122210,2019,Nissan Stadium,12/22/2019 12:00,12/22/2019 15:20,-6
2019122211,2019,FedExField,12/22/2019 13:00,12/22/2019 16:36,-5
2019122212,2019,Lincoln Financial Field,12/22/2019 16:25,12/22/2019 19:33,-5
2019122213,2019,CenturyLink Field,12/22/2019 13:25,12/22/2019 16:43,-8
2019122214,2019,Soldier Field,12/22/2019 19:20,12/22/2019 22:07,-6
2019122300,2019,U.S. Bank Stadium,12/23/2019 19:15,12/23/2019 22:24,-6
2019122900,2019,M&T Bank Stadium,12/29/2019 16:25,12/29/2019 19:27,-5
2019122901,2019,New Era Field,12/29/2019 13:00,12/29/2019 16:01,-5
2019122902,2019,Bank of America Stadium,12/29/2019 13:00,12/29/2019 16:06,-5
2019122903,2019,Paul Brown Stadium,12/29/2019 13:00,12/29/2019 16:00,-5
2019122904,2019,AT&T Stadium,12/29/2019 15:25,12/29/2019 18:39,-6
2019122905,2019,Ford Field,12/29/2019 13:00,12/29/2019 16:20,-5
2019122906,2019,NRG Stadium,12/29/2019 15:25,12/29/2019 18:18,-6
2019122907,2019,TIAA Bank Field,12/29/2019 16:25,12/29/2019 19:28,-5
2019122908,2019,Arrowhead Stadium,12/29/2019 12:00,12/29/2019 15:03,-6
2019122909,2019,U.S. Bank Stadium,12/29/2019 12:00,12/29/2019 14:56,-6
2019122910,2019,Gillette Stadium,12/29/2019 13:00,12/29/2019 16:01,-5
2019122911,2019,MetLife Stadium,12/29/2019 16:25,12/29/2019 19:39,-5
2019122912,2019,Raymond James Stadium,12/29/2019 13:00,12/29/2019 16:13,-5
2019122913,2019,Empower Field at Mile High,12/29/2019 14:25,12/29/2019 17:47,-7
2019122914,2019,Los Angeles Memorial Coliseum,12/29/2019 13:25,12/29/2019 16:44,-8
2019122915,2019,CenturyLink Field,12/29/2019 17:20,12/29/2019 20:25,-8
2020010400,2019,NRG Stadium,1/4/2020 15:35,1/4/2020 19:13,-6
2020010401,2019,Gillette Stadium,1/4/2020 20:15,1/4/2020 23:12,-5
2020010500,2019,Mercedes-Benz Superdome,1/5/2020 12:05,1/5/2020 15:23,-6
2020010501,2019,Lincoln Financial Field,1/5/2020 16:40,1/5/2020 19:37,-5
2020011100,2019,Levi's Stadium,1/11/2020 13:35,1/11/2020 16:24,-8
2020011101,2019,M&T Bank Stadium,1/11/2020 20:15,1/11/2020 23:28,-5
2020011200,2019,Arrowhead Stadium,1/12/2020 14:05,1/12/2020 17:30,-6
2020011201,2019,Lambeau Field,1/12/2020 17:40,1/12/2020 20:49,-6
2020011900,2019,Arrowhead Stadium,1/19/2020 14:05,1/19/2020 17:09,-6
2020011901,2019,Levi's Stadium,1/19/2020 15:40,1/19/2020 18:43,-8
2020020200,2019,Hard Rock Stadium,2/2/2020 18:30,2/2/2020 21:59,-5
2020091000,2020,Arrowhead Stadium,9/10/2020 19:20,9/10/2020 22:13,-5
2020091300,2020,Mercedes-Benz Stadium,9/13/2020 13:00,9/13/2020 16:07,-4
2020091301,2020,M&T Bank Stadium,9/13/2020 13:00,9/13/2020 16:01,-4
2020091302,2020,New Era Field,9/13/2020 13:00,9/13/2020 16:10,-4
2020091303,2020,Bank of America Stadium,9/13/2020 13:00,9/13/2020 16:00,-4
2020091304,2020,Ford Field,9/13/2020 13:00,9/13/2020 16:16,-4
2020091305,2020,TIAA Bank Field,9/13/2020 13:00,9/13/2020 15:53,-4
2020091306,2020,U.S. Bank Stadium,9/13/2020 12:00,9/13/2020 15:12,-5
2020091307,2020,Gillette Stadium,9/13/2020 13:00,9/13/2020 15:45,-4
2020091308,2020,FedExField,9/13/2020 13:00,9/13/2020 16:15,-4
2020091309,2020,Paul Brown Stadium,9/13/2020 16:05,9/13/2020 19:22,-4
2020091310,2020,Mercedes-Benz Superdome,9/13/2020 15:25,9/13/2020 18:46,-5
2020091311,2020,Levi's Stadium,9/13/2020 13:25,9/13/2020 16:29,-7
2020091312,2020,SoFi Stadium,9/13/2020 17:20,9/13/2020 20:16,-7
2020091400,2020,MetLife Stadium,9/14/2020 19:15,9/14/2020 22:10,-4
2020091401,2020,Empower Field at Mile High,9/14/2020 20:10,9/14/2020 23:16,-6
2020091700,2020,FirstEnergy Stadium,9/17/2020 20:20,9/17/2020 23:41,-4
2020092000,2020,Soldier Field,9/20/2020 12:00,9/20/2020 15:01,-5
2020092001,2020,AT&T Stadium,9/20/2020 12:00,9/20/2020 15:34,-5
2020092002,2020,Lambeau Field,9/20/2020 12:00,9/20/2020 15:07,-5
2020092003,2020,Lucas Oil Stadium,9/20/2020 13:00,9/20/2020 15:52,-4
2020092004,2020,Hard Rock Stadium,9/20/2020 13:00,9/20/2020 16:40,-4
2020092005,2020,MetLife Stadium,9/20/2020 13:00,9/20/2020 15:56,-4
2020092006,2020,Lincoln Financial Field,9/20/2020 13:00,9/20/2020 16:08,-4
2020092007,2020,Heinz Field,9/20/2020 13:00,9/20/2020 16:18,-4
2020092008,2020,Raymond James Stadium,9/20/2020 13:00,9/20/2020 16:14,-4
2020092009,2020,Nissan Stadium,9/20/2020 12:00,9/20/2020 14:59,-5
2020092010,2020,State Farm Stadium,9/20/2020 13:05,9/20/2020 16:17,-7
2020092011,2020,NRG Stadium,9/20/2020 15:25,9/20/2020 18:20,-5
2020092012,2020,SoFi Stadium,9/20/2020 13:25,9/20/2020 16:44,-7
2020092013,2020,CenturyLink Field,9/20/2020 17:20,9/20/2020 20:27,-7
2020092100,2020,Allegiant Stadium,9/21/2020 17:15,9/21/2020 20:30,-7
2020092400,2020,TIAA Bank Field,9/24/2020 20:20,9/24/2020 23:21,-4
2020092700,2020,Mercedes-Benz Stadium,9/27/2020 13:00,9/27/2020 16:25,-4
2020092701,2020,New Era Field,9/27/2020 13:00,9/27/2020 16:04,-4
2020092702,2020,FirstEnergy Stadium,9/27/2020 13:00,9/27/2020 15:52,-4
2020092703,2020,U.S. Bank Stadium,9/27/2020 12:00,9/27/2020 15:10,-5
2020092704,2020,Gillette Stadium,9/27/2020 13:00,9/27/2020 16:15,-4
2020092705,2020,MetLife Stadium,9/27/2020 13:00,9/27/2020 16:01,-4
2020092706,2020,Lincoln Financial Field,9/27/2020 13:00,9/27/2020 16:48,-4
2020092707,2020,Heinz Field,9/27/2020 13:00,9/27/2020 15:57,-4
2020092708,2020,Lucas Oil Stadium,9/27/2020 16:05,9/27/2020 18:54,-4
2020092709,2020,SoFi Stadium,9/27/2020 13:05,9/27/2020 16:09,-7
2020092710,2020,State Farm Stadium,9/27/2020 13:25,9/27/2020 16:25,-7
2020092711,2020,Empower Field at Mile High,9/27/2020 14:25,9/27/2020 17:24,-6
2020092712,2020,CenturyLink Field,9/27/2020 13:25,9/27/2020 16:57,-7
2020092713,2020,Mercedes-Benz Superdome,9/27/2020 19:20,9/27/2020 22:31,-5
2020092800,2020,M&T Bank Stadium,9/28/2020 20:15,9/28/2020 23:13,-4
2020100100,2020,MetLife Stadium,10/1/2020 20:20,10/1/2020 23:49,-4
2020100400,2020,Bank of America Stadium,10/4/2020 13:00,10/4/2020 16:02,-4
2020100401,2020,Soldier Field,10/4/2020 15:25,10/4/2020 18:34,-5
2020100402,2020,Paul Brown Stadium,10/4/2020 13:00,10/4/2020 16:10,-4
2020100403,2020,AT&T Stadium,10/4/2020 12:00,10/4/2020 15:20,-5
2020100404,2020,Ford Field,10/4/2020 13:00,10/4/2020 16:06,-4
2020100405,2020,NRG Stadium,10/4/2020 12:00,10/4/2020 15:00,-5
2020100406,2020,Hard Rock Stadium,10/4/2020 13:00,10/4/2020 16:05,-4
2020100407,2020,Raymond James Stadium,10/4/2020 13:00,10/4/2020 16:06,-4
2020102512,2020,Nissan Stadium,10/25/2020 12:00,10/25/2020 15:06,-5
2020100409,2020,FedExField,10/4/2020 13:00,10/4/2020 15:50,-4
2020100410,2020,SoFi Stadium,10/4/2020 13:05,10/4/2020 15:48,-7
2020100501,2020,Arrowhead Stadium,10/5/2020 18:05,10/5/2020 20:47,-5
2020100412,2020,Allegiant Stadium,10/4/2020 13:25,10/4/2020 16:37,-7
2020100413,2020,Levi's Stadium,10/4/2020 17:20,10/4/2020 20:29,-7
2020100500,2020,Lambeau Field,10/5/2020 20:00,10/5/2020 22:56,-5
2020100800,2020,Soldier Field,10/8/2020 19:20,10/8/2020 22:30,-5
2020101100,2020,Mercedes-Benz Stadium,10/11/2020 13:00,10/11/2020 15:56,-4
2020101101,2020,M&T Bank Stadium,10/11/2020 13:00,10/11/2020 15:57,-4
2020101102,2020,NRG Stadium,10/11/2020 12:00,10/11/2020 14:55,-5
2020101103,2020,Arrowhead Stadium,10/11/2020 12:00,10/11/2020 15:27,-5
2020101812,2020,Gillette Stadium,10/18/2020 13:00,10/18/2020 15:55,-4
2020101105,2020,MetLife Stadium,10/11/2020 13:00,10/11/2020 16:06,-4
2020101106,2020,Heinz Field,10/11/2020 13:00,10/11/2020 16:16,-4
2020101300,2020,Nissan Stadium,10/13/2020 18:00,10/13/2020 21:06,-5
2020101108,2020,FedExField,10/11/2020 13:00,10/11/2020 15:58,-4
2020101109,2020,Levi's Stadium,10/11/2020 13:05,10/11/2020 16:11,-7
2020101110,2020,FirstEnergy Stadium,10/11/2020 16:25,10/11/2020 19:31,-4
2020101111,2020,AT&T Stadium,10/11/2020 15:25,10/11/2020 18:43,-5
2020101112,2020,CenturyLink Field,10/11/2020 17:20,10/11/2020 20:27,-7
2020101200,2020,Mercedes-Benz Superdome,10/12/2020 19:15,10/12/2020 22:35,-5
2020101901,2020,New Era Field,10/19/2020 17:00,10/19/2020 19:53,-4
2020101800,2020,Bank of America Stadium,10/18/2020 13:00,10/18/2020 16:08,-4
2020101801,2020,Lucas Oil Stadium,10/18/2020 13:00,10/18/2020 16:10,-4
2020101802,2020,TIAA Bank Field,10/18/2020 13:00,10/18/2020 16:00,-4
2020101803,2020,U.S. Bank Stadium,10/18/2020 12:00,10/18/2020 15:03,-5
2020101804,2020,MetLife Stadium,10/18/2020 13:00,10/18/2020 16:02,-4
2020101805,2020,Lincoln Financial Field,10/18/2020 13:00,10/18/2020 16:31,-4
2020101806,2020,Heinz Field,10/18/2020 13:00,10/18/2020 15:58,-4
2020101807,2020,Nissan Stadium,10/18/2020 12:00,10/18/2020 15:06,-5
2020112211,2020,Empower Field at Mile High,11/22/2020 14:05,11/22/2020 17:09,-7
2020112212,2020,SoFi Stadium,11/22/2020 13:05,11/22/2020 16:15,-8
2020101810,2020,Raymond James Stadium,10/18/2020 16:25,10/18/2020 19:30,-4
2020101811,2020,Levi's Stadium,10/18/2020 17:20,10/18/2020 20:24,-7
2020101900,2020,AT&T Stadium,10/19/2020 19:15,10/19/2020 22:21,-5
2020102200,2020,Lincoln Financial Field,10/22/2020 20:20,10/22/2020 23:34,-4
2020102500,2020,Mercedes-Benz Stadium,10/25/2020 13:00,10/25/2020 16:09,-4
2020110111,2020,M&T Bank Stadium,11/1/2020 13:00,11/1/2020 16:19,-5
2020102502,2020,Paul Brown Stadium,10/25/2020 13:00,10/25/2020 16:12,-4
2020102503,2020,NRG Stadium,10/25/2020 12:00,10/25/2020 15:03,-5
2020111512,2020,Hard Rock Stadium,11/15/2020 16:05,11/15/2020 19:01,-5
2020102505,2020,Mercedes-Benz Superdome,10/25/2020 12:00,10/25/2020 14:44,-5
2020102506,2020,MetLife Stadium,10/25/2020 13:00,10/25/2020 15:59,-4
2020102507,2020,FedExField,10/25/2020 13:00,10/25/2020 15:53,-4
2020102508,2020,State Farm Stadium,10/25/2020 17:20,10/25/2020 21:12,-7
2020102509,2020,Empower Field at Mile High,10/25/2020 14:25,10/25/2020 17:23,-6
2020102510,2020,Gillette Stadium,10/25/2020 16:25,10/25/2020 19:09,-4
2020102511,2020,Allegiant Stadium,10/25/2020 13:05,10/25/2020 16:14,-7
2020102600,2020,SoFi Stadium,10/26/2020 17:15,10/26/2020 20:22,-7
2020102900,2020,Bank of America Stadium,10/29/2020 20:20,10/29/2020 23:24,-4
2020110100,2020,New Era Field,11/1/2020 13:00,11/1/2020 15:50,-5
2020110101,2020,Paul Brown Stadium,11/1/2020 13:00,11/1/2020 16:09,-5
2020110102,2020,FirstEnergy Stadium,11/1/2020 13:00,11/1/2020 15:51,-5
2020110103,2020,Ford Field,11/1/2020 13:00,11/1/2020 16:01,-5
2020110104,2020,Lambeau Field,11/1/2020 12:00,11/1/2020 15:11,-6
2020110105,2020,Arrowhead Stadium,11/1/2020 12:00,11/1/2020 14:56,-6
2020110106,2020,Hard Rock Stadium,11/1/2020 13:00,11/1/2020 16:22,-5
2020102513,2020,SoFi Stadium,10/25/2020 13:25,10/25/2020 16:34,-7
2020110108,2020,Soldier Field,11/1/2020 15:25,11/1/2020 18:59,-6
2020110109,2020,CenturyLink Field,11/1/2020 13:25,11/1/2020 16:32,-8
2020110110,2020,Lincoln Financial Field,11/1/2020 20:20,11/1/2020 23:28,-5
2020110200,2020,MetLife Stadium,11/2/2020 20:15,11/2/2020 23:23,-5
2020110500,2020,Levi's Stadium,11/5/2020 17:20,11/5/2020 20:22,-8
2020110800,2020,Mercedes-Benz Stadium,11/8/2020 13:00,11/8/2020 16:14,-5
2020110801,2020,New Era Field,11/8/2020 13:00,11/8/2020 16:15,-5
2020110802,2020,Lucas Oil Stadium,11/8/2020 13:00,11/8/2020 16:06,-5
2020110803,2020,TIAA Bank Field,11/8/2020 13:00,11/8/2020 16:06,-5
2020110804,2020,Arrowhead Stadium,11/8/2020 12:00,11/8/2020 15:20,-6
2020110805,2020,U.S. Bank Stadium,11/8/2020 12:00,11/8/2020 14:59,-6
2020110806,2020,Nissan Stadium,11/8/2020 12:00,11/8/2020 15:07,-6
2020110807,2020,FedExField,11/8/2020 13:00,11/8/2020 15:57,-5
2020110808,2020,SoFi Stadium,11/8/2020 13:05,11/8/2020 16:13,-8
2020110809,2020,State Farm Stadium,11/8/2020 14:25,11/8/2020 17:34,-7
2020110810,2020,AT&T Stadium,11/8/2020 15:25,11/8/2020 18:40,-6
2020110811,2020,Raymond James Stadium,11/8/2020 20:20,11/8/2020 23:11,-5
2020110900,2020,MetLife Stadium,11/9/2020 20:15,11/9/2020 23:09,-5
2020111200,2020,Nissan Stadium,11/12/2020 19:20,11/12/2020 22:17,-6
2020111500,2020,Bank of America Stadium,11/15/2020 13:00,11/15/2020 16:12,-5
2020111501,2020,FirstEnergy Stadium,11/15/2020 13:00,11/15/2020 15:35,-5
2020111502,2020,Ford Field,11/15/2020 13:00,11/15/2020 16:14,-5
2020111503,2020,Lambeau Field,11/15/2020 12:00,11/15/2020 15:15,-6
2020111504,2020,MetLife Stadium,11/15/2020 13:00,11/15/2020 16:05,-5
2020111505,2020,Heinz Field,11/15/2020 16:25,11/15/2020 19:41,-5
2020111506,2020,State Farm Stadium,11/15/2020 14:05,11/15/2020 17:30,-7
2020111507,2020,Allegiant Stadium,11/15/2020 13:05,11/15/2020 16:24,-8
2020101813,2020,Hard Rock Stadium,10/18/2020 16:05,10/18/2020 19:04,-4
2020111509,2020,SoFi Stadium,11/15/2020 13:25,11/15/2020 16:29,-8
2020111510,2020,Mercedes-Benz Superdome,11/15/2020 15:25,11/15/2020 18:37,-6
2020111511,2020,Gillette Stadium,11/15/2020 20:20,11/15/2020 23:13,-5
2020111600,2020,Soldier Field,11/16/2020 19:15,11/16/2020 22:13,-6
2020111900,2020,CenturyLink Field,11/19/2020 17:20,11/19/2020 20:32,-8
2020112200,2020,M&T Bank Stadium,11/22/2020 13:00,11/22/2020 16:13,-5
2020112201,2020,Bank of America Stadium,11/22/2020 13:00,11/22/2020 15:52,-5
2020112202,2020,FirstEnergy Stadium,11/22/2020 13:00,11/22/2020 16:16,-5
2020112203,2020,NRG Stadium,11/22/2020 12:00,11/22/2020 15:06,-6
2020112204,2020,Lucas Oil Stadium,11/22/2020 16:25,11/22/2020 19:52,-5
2020112205,2020,TIAA Bank Field,11/22/2020 13:00,11/22/2020 16:04,-5
2020112206,2020,Mercedes-Benz Superdome,11/22/2020 12:00,11/22/2020 15:12,-6
2020112207,2020,FedExField,11/22/2020 13:00,11/22/2020 16:02,-5
2020110112,2020,Empower Field at Mile High,11/1/2020 14:05,11/1/2020 17:32,-7
2020112209,2020,U.S. Bank Stadium,11/22/2020 15:25,11/22/2020 18:28,-6
2020112210,2020,Allegiant Stadium,11/22/2020 17:20,11/22/2020 20:24,-8
2020112300,2020,Raymond James Stadium,11/23/2020 20:15,11/23/2020 23:21,-5
2020112600,2020,Ford Field,11/26/2020 12:30,11/26/2020 15:44,-5
2020112601,2020,AT&T Stadium,11/26/2020 15:30,11/26/2020 18:41,-6
2020120200,2020,Heinz Field,12/2/2020 15:40,12/2/2020 18:45,-5
2020112900,2020,Mercedes-Benz Stadium,11/29/2020 13:00,11/29/2020 16:30,-5
2020112901,2020,New Era Field,11/29/2020 13:00,11/29/2020 16:13,-5
2020112902,2020,Paul Brown Stadium,11/29/2020 13:00,11/29/2020 15:58,-5
2020112903,2020,Lucas Oil Stadium,11/29/2020 13:00,11/29/2020 16:24,-5
2020112904,2020,TIAA Bank Field,11/29/2020 13:00,11/29/2020 16:12,-5
2020112905,2020,U.S. Bank Stadium,11/29/2020 12:00,11/29/2020 15:20,-6
2020112906,2020,Gillette Stadium,11/29/2020 13:00,11/29/2020 16:04,-5
2020112907,2020,MetLife Stadium,11/29/2020 13:00,11/29/2020 15:56,-5
2020112908,2020,Empower Field at Mile High,11/29/2020 14:05,11/29/2020 16:45,-7
2020112909,2020,SoFi Stadium,11/29/2020 13:05,11/29/2020 16:16,-8
2020112910,2020,Raymond James Stadium,11/29/2020 16:25,11/29/2020 19:28,-5
2020112911,2020,Lambeau Field,11/29/2020 19:20,11/29/2020 22:25,-6
2020113000,2020,Lincoln Financial Field,11/30/2020 20:15,11/30/2020 23:29,-5
2020120800,2020,M&T Bank Stadium,12/8/2020 20:05,12/8/2020 23:03,-5
2020120600,2020,Mercedes-Benz Stadium,12/6/2020 13:00,12/6/2020 16:13,-5
2020120601,2020,Soldier Field,12/6/2020 12:00,12/6/2020 16:06,-6
2020120602,2020,NRG Stadium,12/6/2020 12:00,12/6/2020 15:10,-6
2020120603,2020,Hard Rock Stadium,12/6/2020 13:00,12/6/2020 16:30,-5
2020120604,2020,U.S. Bank Stadium,12/6/2020 12:00,12/6/2020 15:39,-6
2020120605,2020,MetLife Stadium,12/6/2020 13:00,12/6/2020 16:11,-5
2020120702,2020,Heinz Field,12/7/2020 17:00,12/7/2020 20:25,-5
2020120607,2020,Nissan Stadium,12/6/2020 12:00,12/6/2020 15:23,-6
2020120608,2020,State Farm Stadium,12/6/2020 14:05,12/6/2020 17:18,-7
2020120609,2020,CenturyLink Field,12/6/2020 13:05,12/6/2020 16:09,-8
2020120610,2020,Lambeau Field,12/6/2020 15:25,12/6/2020 18:24,-6
2020120611,2020,SoFi Stadium,12/6/2020 13:25,12/6/2020 16:24,-8
2020120612,2020,Arrowhead Stadium,12/6/2020 19:20,12/6/2020 22:20,-6
2020120700,2020,Levi's Stadium,12/7/2020 18:15,12/7/2020 21:18,-8
2020121000,2020,SoFi Stadium,12/10/2020 17:20,12/10/2020 20:07,-8
2020121300,2020,Bank of America Stadium,12/13/2020 13:00,12/13/2020 16:03,-5
2020121301,2020,Soldier Field,12/13/2020 12:00,12/13/2020 15:06,-6
2020121302,2020,Paul Brown Stadium,12/13/2020 13:00,12/13/2020 15:46,-5
2020121303,2020,Ford Field,12/13/2020 16:25,12/13/2020 19:33,-5
2020121304,2020,TIAA Bank Field,12/13/2020 13:00,12/13/2020 16:02,-5
2020121305,2020,Hard Rock Stadium,12/13/2020 13:00,12/13/2020 16:15,-5
2020121306,2020,MetLife Stadium,12/13/2020 13:00,12/13/2020 16:07,-5
2020121307,2020,Raymond James Stadium,12/13/2020 13:00,12/13/2020 15:53,-5
2020121308,2020,Allegiant Stadium,12/13/2020 13:05,12/13/2020 16:04,-8
2020121309,2020,CenturyLink Field,12/13/2020 13:05,12/13/2020 15:58,-8
2020121310,2020,SoFi Stadium,12/13/2020 13:25,12/13/2020 16:12,-8
2020121311,2020,Lincoln Financial Field,12/13/2020 16:25,12/13/2020 19:33,-5
2020121312,2020,Levi's Stadium,12/13/2020 14:25,12/13/2020 17:43,-8
2020121313,2020,New Era Field,12/13/2020 20:20,12/13/2020 23:26,-5
2020121400,2020,FirstEnergy Stadium,12/14/2020 20:15,12/14/2020 23:42,-5
2020121700,2020,Allegiant Stadium,12/17/2020 17:20,12/17/2020 20:38,-8
2020121900,2020,Empower Field at Mile High,12/19/2020 14:30,12/19/2020 17:50,-7
2020121901,2020,Lambeau Field,12/19/2020 19:15,12/19/2020 22:20,-6
2020122002,2020,Lucas Oil Stadium,12/20/2020 13:00,12/20/2020 15:49,-5
2020122003,2020,SoFi Stadium,12/20/2020 13:05,12/20/2020 16:01,-8
2020122004,2020,Nissan Stadium,12/20/2020 12:00,12/20/2020 15:00,-6
2020122005,2020,Mercedes-Benz Stadium,12/20/2020 13:00,12/20/2020 16:09,-5
2020122006,2020,M&T Bank Stadium,12/20/2020 13:00,12/20/2020 15:57,-5
2020122007,2020,Hard Rock Stadium,12/20/2020 13:00,12/20/2020 15:57,-5
2020122008,2020,U.S. Bank Stadium,12/20/2020 12:00,12/20/2020 15:03,-6
2020122009,2020,MetLife Stadium,12/20/2020 20:20,12/20/2020 23:07,-5
2020122010,2020,FedExField,12/20/2020 13:00,12/20/2020 16:03,-5
2020122011,2020,State Farm Stadium,12/20/2020 14:05,12/20/2020 17:32,-7
2020122012,2020,Mercedes-Benz Superdome,12/20/2020 15:25,12/20/2020 18:55,-6
2020122013,2020,AT&T Stadium,12/20/2020 12:00,12/20/2020 15:25,-6
2020122100,2020,Paul Brown Stadium,12/21/2020 20:15,12/21/2020 23:20,-5
2020122500,2020,Mercedes-Benz Superdome,12/25/2020 15:30,12/25/2020 18:41,-6
2020122601,2020,State Farm Stadium,12/26/2020 14:30,12/26/2020 17:28,-7
2020122600,2020,Ford Field,12/26/2020 13:00,12/26/2020 16:02,-5
2020122702,2020,SoFi Stadium,12/27/2020 13:05,12/27/2020 16:05,-8
2020122602,2020,Allegiant Stadium,12/26/2020 17:15,12/26/2020 20:20,-8
2020122704,2020,MetLife Stadium,12/27/2020 13:00,12/27/2020 16:17,-5
2020122705,2020,M&T Bank Stadium,12/27/2020 13:00,12/27/2020 16:04,-5
2020122706,2020,NRG Stadium,12/27/2020 12:00,12/27/2020 15:04,-6
2020122707,2020,TIAA Bank Field,12/27/2020 13:00,12/27/2020 15:57,-5
2020122708,2020,Arrowhead Stadium,12/27/2020 12:00,12/27/2020 14:53,-6
2020122709,2020,Heinz Field,12/27/2020 13:00,12/27/2020 16:10,-5
2020122710,2020,FedExField,12/27/2020 16:05,12/27/2020 19:06,-5
2020122711,2020,CenturyLink Field,12/27/2020 13:25,12/27/2020 16:34,-8
2020122712,2020,AT&T Stadium,12/27/2020 15:25,12/27/2020 18:42,-6
2020122713,2020,Lambeau Field,12/27/2020 19:20,12/27/2020 22:06,-6
2020122800,2020,Gillette Stadium,12/28/2020 20:15,12/28/2020 23:06,-5
2021010300,2020,New Era Field,1/3/2021 13:00,1/3/2021 16:13,-5
2021010301,2020,Bank of America Stadium,1/3/2021 16:25,1/3/2021 19:17,-5
2021010302,2020,Soldier Field,1/3/2021 15:25,1/3/2021 18:19,-6
2021010303,2020,Paul Brown Stadium,1/3/2021 13:00,1/3/2021 15:55,-5
2021010304,2020,FirstEnergy Stadium,1/3/2021 13:00,1/3/2021 16:02,-5
2021010305,2020,Ford Field,1/3/2021 13:00,1/3/2021 16:07,-5
2021010306,2020,Arrowhead Stadium,1/3/2021 15:25,1/3/2021 18:21,-6
2021010307,2020,Gillette Stadium,1/3/2021 13:00,1/3/2021 16:01,-5
2021010308,2020,MetLife Stadium,1/3/2021 13:00,1/3/2021 16:06,-5
2021010309,2020,Lincoln Financial Field,1/3/2021 20:20,1/3/2021 23:22,-5
2021010310,2020,Raymond James Stadium,1/3/2021 13:00,1/3/2021 16:05,-5
2021010311,2020,Empower Field at Mile High,1/3/2021 14:25,1/3/2021 17:54,-7
2021010312,2020,NRG Stadium,1/3/2021 15:25,1/3/2021 18:38,-6
2021010313,2020,Lucas Oil Stadium,1/3/2021 16:25,1/3/2021 19:21,-5
2021010314,2020,SoFi Stadium,1/3/2021 13:25,1/3/2021 16:17,-8
2021010315,2020,Levi's Stadium,1/3/2021 14:25,1/3/2021 17:28,-8
2021010900,2020,New Era Field,1/9/2021 13:05,1/9/2021 16:21,-5
2021010901,2020,CenturyLink Field,1/9/2021 13:40,1/9/2021 17:11,-8
2021010902,2020,FedExField,1/9/2021 20:15,1/9/2021 23:34,-5
2021011000,2020,Nissan Stadium,1/10/2021 12:05,1/10/2021 14:50,-6
2021011001,2020,Mercedes-Benz Superdome,1/10/2021 15:40,1/10/2021 18:50,-6
2021011002,2020,Heinz Field,1/10/2021 20:15,1/10/2021 23:38,-5
2021011600,2020,Lambeau Field,1/16/2021 15:35,1/16/2021 18:31,-6
2021011601,2020,New Era Field,1/16/2021 20:15,1/16/2021 23:18,-5
2021011700,2020,Arrowhead Stadium,1/17/2021 14:05,1/17/2021 17:06,-6
2021011701,2020,Mercedes-Benz Superdome,1/17/2021 17:40,1/17/2021 20:52,-6
2021012400,2020,Lambeau Field,1/24/2021 14:05,1/24/2021 17:19,-6
2021012401,2020,Arrowhead Stadium,1/24/2021 17:40,1/24/2021 21:06,-6
2021020700,2020,Raymond James Stadium,2/7/2021 18:30,2/7/2021 22:05,-5
